report_text,sif_potential
Worker performed maintenance without isolating electrical energy.,1
Worker repaired equipment without isolating energy source.,1
Technician bypassed lockout tagout procedure during panel repair.,1
Electrician worked on live circuit without de-energizing the panel.,1
Maintenance crew removed guard on rotating machine while still energized.,1
Worker entered a vessel without proper gas testing.,1
Worker entered a confined space without atmospheric testing.,1
Employee entered a storage tank without a permit or gas test.,1
Worker entered manhole without ventilation or gas monitoring.,1
Crew member entered silo without confined space entry permit.,1
Welding was performed without a proper hot work permit.,1
Hot work carried out near flammable material without a permit.,1
Cutting operation performed without fire watch or hot work permit.,1
Grinding sparks ignited nearby combustible material during unpermitted hot work.,1
Worker was standing below a suspended load.,1
Employee walked under a raised forklift load.,1
Worker positioned himself in the line of fire of a swinging crane load.,1
Personnel stood in drop zone while load was being lifted.,1
Worker worked at height without fall protection harness.,1
Employee worked on scaffold without guardrails at height.,1
Worker climbed ladder above six feet without fall arrest system.,1
Technician worked near open edge on rooftop without harness.,1
Crane lifted load exceeding rated capacity during lifting operation.,1
Lifting operation performed with damaged sling and no inspection.,1
Rigger used unrated chain for a critical lift.,1
Improper rigging caused load to shift during a lifting operation.,1
Pressure vessel was opened while still pressurized.,1
Worker exposed to hazardous chemical without isolating the line.,1
Worker climbed to change a bulb on a ladder over four meters without harness.,1
Fitter opened flange on live line without isolation and drained system.,1
Worker slipped while walking in the office but was not seriously injured.,0
Employee tripped over a cable in the corridor.,0
Minor paper cut while handling documents at the desk.,0
Worker spilled coffee on the office floor.,0
Staff member bumped into a cabinet while walking.,0
Employee reported mild eye strain from computer screen.,0
Worker misplaced a tool in the store room.,0
Housekeeping noted a small water spill near the water cooler which was cleaned promptly.,0
Employee forgot to log out of the shared computer.,0
Minor dust noted on the office window sill.,0
Worker wore incorrect color lanyard for visitor badge.,0
Staff left desk lamp on overnight with no hazard identified.,0
Employee reported slightly noisy air conditioner in the break room.,0
Cafeteria chair was found wobbly and reported for repair.,0
Small paint smudge found on the meeting room wall.,0
Worker forgot to submit weekly timesheet on time.,0
Office printer ran out of paper during a print job.,0
Worker misplaced safety manual on the shelf.,0
Parking sign faded and needs repainting with no near miss.,0
Employee suggested improving lighting in the parking lot.,0
